ID,Track,Length
0,CBL,H398Q
1,CBL,S80N
2,SHOC2,M173I
3,DICER1,D1709N
4,PTPRT,S492F
5,PTPRT,Truncating Mutations
6,PTPRT,Q479E
7,RAD50,Truncating Mutations
8,CCND3,D286_L292trunc
9,TGFBR1,Truncating Mutations
10,TGFBR2,E526Q
11,MSH6,S144I
12,LATS1,Deletion
13,SF3B1,H662D
14,SF3B1,G742D
15,EGFR,S720P
16,EGFR,P772_V774dup
17,EGFR,Fusions
18,EGFR,P772_H773insYNP
19,EGFR,E746_S752delinsV
20,EGFR,L747_S752del
21,EGFR,C797Y
22,EGFR,A289V
23,EGFR,D770_N771insSVD
24,EGFR,D761N
25,EGFR,Y727H
26,EGFR,G598V
27,EGFR,E746_T751delinsL
28,EGFR,I941R
29,EGFR,G465R
30,EGFR,V769_D770insASV
31,BRD4,Fusions
32,CHEK2,H371Y
33,TMPRSS2,TMPRSS2-ERG Fusion
34,ELF3,A312P
35,ROS1,YWHAE-ROS1 Fusion
36,ROS1,TPM3-ROS1 Fusion
37,ASXL2,Deletion
38,CDH1,Truncating Mutations
39,EP300,Truncating Mutations
40,TP53,K120A
41,TP53,T329I
42,TP53,V218dup
43,TP53,E180K
44,TP53,C242Y
